,language_pair,Fast Levenshtein Distance Div Maxlen,Dolgo Prime Distance Div Maxlen,Feature Edit Distance Div Maxlen,Hamming Feature Distance Div Maxlen,Weighted Feature Distance Div Maxlen,Partial Hamming Feature Distance Div Maxlen,plain Levenshtein,DNN_logits
0,All languages,-0.03488910484000022,-0.280617313215219,0.08240892729442818,0.8793122320042434,0.23059488392889904,0.0830238017058278,-2.311651279670794,3.2395117534385656
1,Assamese-Bengali,-0.058256649067872486,-0.37369280617387085,0.2268208363000663,0.49884261232831906,0.49084638673258374,0.1877794084119455,-2.1150670863538483,3.185669734161426
2,Bengali-Assamese,-0.04766792930483354,-0.14810047954377392,0.15634413045685625,0.7225734893159884,-0.06207425672066163,0.21848984075506123,-2.33556696465843,3.143558585490599
