,language_pair,Fast Levenshtein Distance Div Maxlen,Dolgo Prime Distance Div Maxlen,Feature Edit Distance Div Maxlen,Hamming Feature Distance Div Maxlen,Weighted Feature Distance Div Maxlen,Partial Hamming Feature Distance Div Maxlen,plain Levenshtein,ass_bertmbert
0,All languages,0.10094301086770552,-0.08236363484232664,-0.565431207956839,1.2647456883268735,-0.5305314622248029,0.5160173479479156,-2.727962067573877,0.18906096918109472
1,Assamese-Bengali,0.06425043446637307,-0.09444240544695855,0.028146331822753685,0.7550035589419253,-0.6149774501526641,0.574765043441205,-2.541399275766526,0.2663114644157945
2,Bengali-Assamese,0.09311055538859188,-0.0704974836503343,-0.30505928051429987,0.9670379297469741,-0.3730190851972903,0.31932265157244755,-2.778991393533781,0.017776690592441375
