,language_pair,Fast Levenshtein Distance Div Maxlen,Dolgo Prime Distance Div Maxlen,Feature Edit Distance Div Maxlen,Hamming Feature Distance Div Maxlen,Weighted Feature Distance Div Maxlen,Partial Hamming Feature Distance Div Maxlen,mbert_cos,xlm_cos,indic_bert_cos,muril_cos,mbert_src_assbert_trg
0,All languages,-0.5111329407222175,-0.038573725943228276,-0.40586038312791783,0.7191518131262884,-0.7381320682751925,0.6708069777725183,0.5064896160575283,1.0862958298188066,0.06354505989735643,0.3149420227430182,0.09204260944714657
1,Assamese-Bengali,-0.5058978313990476,0.07761377605854582,0.08839716147552823,0.38192064318259966,-0.9847510277407552,0.6779315737675131,0.47629642732759897,1.1236347879688657,0.07028541408405592,0.224586736501624,-0.16332705852331683
2,Bengali-Assamese,-0.5224734136876749,-0.178583826373501,-0.25586025030750686,0.6289179311400661,-0.4177437140655938,0.43583777694602854,0.5848176227496897,1.040258928203549,0.05970204301579203,0.4395221678463219,0.3251612275864328
