,language_pair,Fast Levenshtein Distance Div Maxlen,Dolgo Prime Distance Div Maxlen,Feature Edit Distance Div Maxlen,Hamming Feature Distance Div Maxlen,Weighted Feature Distance Div Maxlen,Partial Hamming Feature Distance Div Maxlen,plain Levenshtein,DNN_logits,mbert_cos,xlm_cos,indic_bert_cos,muril_cos,ass_bertmbert,ass_bertxlm,ass_bertindic_bert,ass_bertmuril
0,All languages,-0.042112372345764156,-0.39343584190992276,0.01470756245304442,0.7971826321963942,0.5738747165197453,0.027867893900034746,-1.4598811385882904,3.3231693504655015,0.2734325182459079,0.9595762480038081,0.154801414062184,0.32583785022802697,-0.1698613246905199,0.0782037123364503,-0.07225280457354993,-0.19117445373078765
1,Assamese-Bengali,-0.011041003862713561,-0.48968016548885757,0.18440476359149038,0.40167493140452654,0.6563603145684687,0.18381169140333897,-1.45314101267527,3.167382376311713,0.5382199216258925,0.9060052063194688,0.11176159575475127,0.42648520331100415,-0.44996016224175495,-0.059073615464962564,-0.1300968989306449,-0.3686936537344538
2,Bengali-Assamese,-0.07148048938982615,-0.22177961362529838,0.18411461189405806,0.6966289288993007,0.15433231255082944,0.2090984583392108,-1.44075929786269,3.3542321124382166,0.3306827199326235,1.0003386819131452,0.20077841477622,0.2806160853803216,-0.3233863051553614,0.053197483315399065,0.009290529187951584,0.0795090409250151
