,language_pair,Fast Levenshtein Distance Div Maxlen,Dolgo Prime Distance Div Maxlen,Feature Edit Distance Div Maxlen,Hamming Feature Distance Div Maxlen,Weighted Feature Distance Div Maxlen,Partial Hamming Feature Distance Div Maxlen,DNN_logits,mbert_src_assbert_trg
0,All languages,-0.8296322303027209,0.15883287860410486,-0.056852069123951465,0.5596907224813928,-0.47555138592887336,0.20056744232133547,3.3115270921428683,0.07385528281844002
1,Assamese-Bengali,-0.7846185188909948,0.11556415854152359,0.05525729528509824,0.26948629938174307,-0.23388308414519163,0.21497668328155034,3.2696107662816547,-0.01836115697555339
2,Bengali-Assamese,-0.867420669130141,0.14487711044052343,0.043319218931918986,0.4866668028606971,-0.5610489443437251,0.21589295749802587,3.2522330941328605,0.16560624394576687
