,language_pair,Fast Levenshtein Distance Div Maxlen,Dolgo Prime Distance Div Maxlen,Feature Edit Distance Div Maxlen,Hamming Feature Distance Div Maxlen,Weighted Feature Distance Div Maxlen,Partial Hamming Feature Distance Div Maxlen
0,All languages,-0.8311099422068932,0.3659828781592652,-0.4607447373467239,0.7563491248486371,-2.1044923539062963,1.2289463403675116
1,Assamese-Bengali,-0.8158154549319615,0.45182258977650885,0.1005821684700838,0.5077477890019738,-2.296943030458417,1.0640934904845085
2,Bengali-Assamese,-0.8798103260263461,0.2170138770610937,-0.2482766790122358,0.6686203034625963,-1.567362348881688,0.7040775781251377
