,language_pair,Fast Levenshtein Distance Div Maxlen,Dolgo Prime Distance Div Maxlen,Feature Edit Distance Div Maxlen,Hamming Feature Distance Div Maxlen,Weighted Feature Distance Div Maxlen,Partial Hamming Feature Distance Div Maxlen,plain Levenshtein,mbert_cos,xlm_cos,indic_bert_cos,muril_cos,ass_bertmbert,ass_bertxlm,ass_bertindic_bert,ass_bertmuril
0,All languages,0.07359631783627939,-0.19460829113193495,-0.42112073113576687,1.0104119761144028,-0.3307545169635239,0.5525601905355212,-2.0095535217619847,0.2036824620199856,0.7573518874809526,0.106325933963684,0.017344657770269074,0.013606173256442308,0.008717781689226422,-0.08808389811613092,-0.082366612635599
1,Assamese-Bengali,0.06897667365648302,-0.18306813175500142,0.1612985655468099,0.5068955698822104,-0.5457686684634158,0.6791988441023027,-2.059724212280489,0.6007544701084656,0.9763176138658198,0.13788176127296234,0.008670046872363463,-0.38940567339963006,-0.3616677117502373,-0.13244267092083753,-0.13837142623375118
2,Bengali-Assamese,0.06784845338499346,-0.2073404780043124,-0.27191898403367315,0.9109727133754881,-0.1503920980563535,0.29243548239456124,-2.0406273516329434,0.22108075720498116,0.6975528240226897,0.10043156392259572,0.0500752522068621,-0.0010656538564461973,0.11582015605295777,-0.13784208184900826,-0.08542343066513505
