,language_pair,Fast Levenshtein Distance Div Maxlen,Dolgo Prime Distance Div Maxlen,Feature Edit Distance Div Maxlen,Hamming Feature Distance Div Maxlen,Weighted Feature Distance Div Maxlen,Partial Hamming Feature Distance Div Maxlen,plain Levenshtein,mbert_cos
0,All languages,0.1188252004619194,-0.09652777247188006,-0.5612337430595499,1.2716624887823433,-0.49894855293614526,0.4587613797113691,-2.408133055750028,0.6098901878029573
1,Assamese-Bengali,0.0910359199847313,-0.11203199618926352,0.0255793371890272,0.7637118422791087,-0.5810686134905022,0.5289520164004908,-2.310061294008485,0.6337964868816024
2,Bengali-Assamese,0.10711117975538632,-0.09073263215724083,-0.33475049910997506,0.9745086471684005,-0.3239996257494155,0.27591991807861327,-2.418556061191519,0.5918999724265721
