,language_pair,Fast Levenshtein Distance Div Maxlen,Dolgo Prime Distance Div Maxlen,Feature Edit Distance Div Maxlen,Hamming Feature Distance Div Maxlen,Weighted Feature Distance Div Maxlen,Partial Hamming Feature Distance Div Maxlen,plain Levenshtein,DNN_logits,ass_bertmbert,ass_bertxlm,ass_bertindic_bert,ass_bertmuril
0,All languages,-0.037571774057071565,-0.3186274331658941,0.09579166092941109,0.898621262392527,0.20822009066377709,0.10131418260956525,-2.2622400597748116,3.230613055909017,-0.06923152169797125,0.38417365667442854,-0.0189062067237997,-0.2678431333595809
1,Assamese-Bengali,-0.08034386787498479,-0.4504008118134955,0.225975090553494,0.5276073928729968,0.5849581701125571,0.16522441509365682,-1.780118482810532,3.1862274454223507,-0.0342222626949409,0.6046424427458102,-0.05646893229397428,-0.18296883665618704
2,Bengali-Assamese,-0.06547087812246392,-0.160323327578861,0.17186664145563502,0.7319662319775211,-0.09672513687255262,0.2422129369687285,-2.3463582414145976,3.162993984944048,-0.28219146604020706,0.1912811654158954,0.1807411961942894,-0.09405055362900626
