,language_pair,Fast Levenshtein Distance Div Maxlen,Dolgo Prime Distance Div Maxlen,Feature Edit Distance Div Maxlen,Hamming Feature Distance Div Maxlen,Weighted Feature Distance Div Maxlen,Partial Hamming Feature Distance Div Maxlen,plain Levenshtein,ass_bertxlm
0,All languages,0.09684739993686375,-0.10054668204721326,-0.5874576316995308,1.3000796974700246,-0.4971339844767396,0.4907595012165386,-2.6980859358253704,0.2651144049400394
1,Assamese-Bengali,0.05209334866407319,-0.14955529431557305,0.01804169548778537,0.7754469708175085,-0.5052060589671753,0.5230468517458041,-2.3647245199730627,0.4513096986791506
2,Bengali-Assamese,0.0907680244219112,-0.06630286939774843,-0.32602095951229804,1.0069794986765388,-0.38416834052038856,0.3154315077693262,-2.7681424804992227,0.111522567900131
