,language_pair,Fast Levenshtein Distance Div Maxlen,Dolgo Prime Distance Div Maxlen,Feature Edit Distance Div Maxlen,Hamming Feature Distance Div Maxlen,Weighted Feature Distance Div Maxlen,Partial Hamming Feature Distance Div Maxlen,DNN_logits,mbert_cos,xlm_cos,indic_bert_cos,muril_cos,mbert_src_assbert_trg
0,All languages,-0.500894548908107,-0.17852476647368365,-0.13803047333536686,0.6506153566986533,0.4676514060766272,-0.01090095080344343,3.325084463135892,0.3299491432059011,1.2055314235331853,0.1334263461833459,0.37023962457723336,0.14121832938044984
1,Assamese-Bengali,-0.46955596688576023,-0.2156378699631047,0.010618811237042064,0.2566302278101765,0.6109425302685647,0.09199661428126923,3.1687212692826745,0.24473824203219377,1.151138609864337,0.08610054223966399,0.28876156248723295,-0.13371039966823844
2,Bengali-Assamese,-0.48636833253607903,-0.14423038087757561,0.036679178451007405,0.589336817805168,0.18562662547692588,0.10503936768329954,3.359025064596594,0.4814016428422059,1.2427933995550187,0.15272970585360876,0.5151099127350789,0.3943844773492906
