,language_pair,Fast Levenshtein Distance Div Maxlen,Dolgo Prime Distance Div Maxlen,Feature Edit Distance Div Maxlen,Hamming Feature Distance Div Maxlen,Weighted Feature Distance Div Maxlen,Partial Hamming Feature Distance Div Maxlen,ass_bertmbert,ass_bertxlm,ass_bertindic_bert,ass_bertmuril,mbert_src_assbert_trg
0,All languages,-0.8041861098473745,0.288902861558707,-0.5441853960332694,0.8600797782301872,-1.7979876882432801,1.0394441357800541,0.1914330740089504,0.5758335602624554,-0.07189283857045645,-0.15295837450590452,0.027178956232197526
1,Assamese-Bengali,-0.5888292663389134,0.21600213168127277,0.009538285530273877,0.6031264890682831,-1.290744611920009,0.6406423537369553,0.4003597094428897,1.0208346274665003,-0.06084536265264587,0.05568650150476,-0.13826280492537238
2,Bengali-Assamese,-0.8734661602637727,0.19625103289986295,-0.3910148710341761,0.8130559191123463,-1.462374043766559,0.6767285164065576,0.14420550133394067,0.20468673873833418,0.045862654592570454,0.007300009843245242,0.1330073152043055
