,language_pair,Fast Levenshtein Distance Div Maxlen,Dolgo Prime Distance Div Maxlen,Feature Edit Distance Div Maxlen,Hamming Feature Distance Div Maxlen,Weighted Feature Distance Div Maxlen,Partial Hamming Feature Distance Div Maxlen,ass_bertmbert,ass_bertxlm,ass_bertindic_bert,ass_bertmuril
0,All languages,-0.8026343545843656,0.29255701147038343,-0.5427184974942567,0.8590760289254996,-1.803382558531764,1.0391427481590556,0.18641439723642345,0.580527474921056,-0.07134751894733848,-0.15242492560687923
1,Assamese-Bengali,-0.5936985315804874,0.20664260107509724,0.01622869130609761,0.6123059728801776,-1.2693976963160878,0.6085718132292538,0.4137294575788102,1.0031261049245659,-0.06543256261815698,0.05192948871872947
2,Bengali-Assamese,-0.8629951404618976,0.21795481595495664,-0.3842609127350107,0.810767911661457,-1.4836560879699294,0.6600060767892847,0.12420281600387358,0.22172687028864757,0.05320668489953146,0.007195719209222176
