,language_pair,Fast Levenshtein Distance Div Maxlen,Dolgo Prime Distance Div Maxlen,Feature Edit Distance Div Maxlen,Hamming Feature Distance Div Maxlen,Weighted Feature Distance Div Maxlen,Partial Hamming Feature Distance Div Maxlen,plain Levenshtein,xlm_cos
0,All languages,0.06379838176600397,-0.19639651501477973,-0.4259346452794773,1.013177292457651,-0.31084425157443485,0.5528425337824222,-2.0731611457518375,0.8386370299827834
1,Assamese-Bengali,0.039090910607111895,-0.19178995533110585,0.10941112635305501,0.565363832091057,-0.4199916232500149,0.5977219070297702,-1.970088051615195,0.8777453451898244
2,Bengali-Assamese,0.0507082192957594,-0.2030842963547785,-0.2605880496338385,0.8868416991133663,-0.1424593526171392,0.305566793659174,-2.1009483482049305,0.7956094298682239
