,language_pair,Fast Levenshtein Distance Div Maxlen,Dolgo Prime Distance Div Maxlen,Feature Edit Distance Div Maxlen,Hamming Feature Distance Div Maxlen,Weighted Feature Distance Div Maxlen,Partial Hamming Feature Distance Div Maxlen,mbert_cos,xlm_cos,indic_bert_cos,muril_cos
0,All languages,-0.509462519638614,-0.027281314584725977,-0.4057381310497768,0.7102775418772487,-0.7560673818779927,0.6812303769270046,0.4899478785725772,1.0919342161763372,0.06385706491348396,0.3163123383502257
1,Assamese-Bengali,-0.5099028866284675,0.06229948185327299,0.09035304465815092,0.3978392169454268,-0.9451069709556895,0.6312580763813822,0.4864263402137479,1.1093390048266807,0.06810145903628471,0.22182303032396777
2,Bengali-Assamese,-0.5194345982482578,-0.13990280703024663,-0.2583364615556924,0.6337618226703571,-0.4537114154076948,0.3892423329486977,0.4956127662169294,1.0511157634898902,0.05840342277095752,0.44045966810054166
