,language_pair,Fast Levenshtein Distance Div Maxlen,Dolgo Prime Distance Div Maxlen,Feature Edit Distance Div Maxlen,Hamming Feature Distance Div Maxlen,Weighted Feature Distance Div Maxlen,Partial Hamming Feature Distance Div Maxlen,plain Levenshtein,mbert_cos,xlm_cos,indic_bert_cos,muril_cos
0,All languages,0.06992365540147416,-0.19772363160554426,-0.4322215370179402,1.030328865559321,-0.29972251861726873,0.5212470658899625,-2.0172517177285765,0.20518637946871796,0.758544014868136,0.07796538443786011,-0.041428818741868885
1,Assamese-Bengali,0.04957204879488997,-0.19515066211937826,0.11963471630929798,0.5647652989296135,-0.4164597533955014,0.5780268687774056,-1.9482687574396096,0.1914216259096225,0.7970256467822796,0.08366211763002973,-0.0993575788632516
2,Bengali-Assamese,0.05674374594792761,-0.20345524994953215,-0.279105780809058,0.8923137004806366,-0.13155505677127952,0.28928947760485835,-1.997381121135303,0.23432167924151343,0.7054922156309236,0.0731680447655335,0.04788897925393337
