,language_pair,Fast Levenshtein Distance Div Maxlen,Dolgo Prime Distance Div Maxlen,Feature Edit Distance Div Maxlen,Hamming Feature Distance Div Maxlen,Weighted Feature Distance Div Maxlen,Partial Hamming Feature Distance Div Maxlen,plain Levenshtein,DNN_logits
0,All languages,-0.15876458454458595,-0.5003862694816124,0.26912181613510194,0.31776780471048705,-0.2561460412385221,0.3884031338063756,-1.9394768142708358,2.4757018263902415
1,Assamese-Bengali,-0.18644301091142212,-0.6048630679905174,0.3749908379767911,0.23851336233909348,-0.27272197111915875,0.4167353896293434,-1.8796285818799803,2.4892897111085523
2,Bengali-Assamese,-0.21800148970260416,-0.3556517231577852,0.14337866870448832,0.3455902775385038,-0.18073261886900502,0.2638116838984143,-1.7850639398722135,2.3225905870684085
