,language_pair,Fast Levenshtein Distance Div Maxlen,Dolgo Prime Distance Div Maxlen,Feature Edit Distance Div Maxlen,Hamming Feature Distance Div Maxlen,Weighted Feature Distance Div Maxlen,Partial Hamming Feature Distance Div Maxlen,DNN_logits,mbert_cos,xlm_cos,indic_bert_cos,muril_cos,ass_bertmbert,ass_bertxlm,ass_bertindic_bert,ass_bertmuril
0,All languages,-0.4878937697743542,-0.16970196839566593,-0.12213904985777778,0.6465530583528655,0.4064407817958276,0.015787624742319407,3.3405548033394767,0.40189435637071574,1.131833751735795,0.18832076427804664,0.5403381096591194,-0.18636698053067985,0.22506329477572656,-0.1395198333697409,-0.24625631935605505
1,Assamese-Bengali,-0.4579215724085989,-0.23315381851513578,0.024765283997802128,0.3147348690183221,0.48440181802265825,0.14048108653794966,3.2020278309294343,0.5270700666933987,0.9777237484104877,0.2055413314176299,0.5945014416049105,-0.3253752822008176,0.23834922489807464,-0.22699429472221902,-0.3652387037201373
2,Bengali-Assamese,-0.48775178879086084,-0.06947031385859381,0.077540770047502,0.5642089408320468,0.081417647842309,0.12126968419379872,3.375275131179855,0.4472690564030344,1.2044324663284578,0.18111928952077794,0.48829733404070924,-0.34895168060701814,0.06211537826254662,0.022072948675957545,0.14478695528001442
