,language_pair,Fast Levenshtein Distance Div Maxlen,Dolgo Prime Distance Div Maxlen,Feature Edit Distance Div Maxlen,Hamming Feature Distance Div Maxlen,Weighted Feature Distance Div Maxlen,Partial Hamming Feature Distance Div Maxlen,DNN_logits,ass_bertmbert,ass_bertxlm,ass_bertindic_bert,ass_bertmuril,mbert_src_assbert_trg
0,All languages,-0.7917137504124565,0.07292175479993902,-0.07197636988911324,0.6323436202971611,-0.3755602715273612,0.19573014523211857,3.2871147491958372,0.005688938110092735,0.6126180264676478,-0.11219793010156309,-0.11663873827654687,0.04220034557478957
1,Assamese-Bengali,-0.6058303424285855,-0.17611469087418166,0.0180255184247861,0.4167480058049998,0.43048308465971724,0.08260920902242175,3.221175415419387,0.06390138536580961,1.0842820182472566,-0.08182266992540457,0.022674180315939662,-0.1015242307666126
2,Bengali-Assamese,-0.8747842234814321,0.13827071995295762,0.018902466431797185,0.5044002288952981,-0.5098244683029439,0.19032710668768088,3.273574681036486,-0.21023372108666044,0.17981954988302248,0.12278773431886643,0.09880926203150314,0.1415308320078761
