,language_pair,Fast Levenshtein Distance Div Maxlen,Dolgo Prime Distance Div Maxlen,Feature Edit Distance Div Maxlen,Hamming Feature Distance Div Maxlen,Weighted Feature Distance Div Maxlen,Partial Hamming Feature Distance Div Maxlen,mbert_cos,xlm_cos,indic_bert_cos,muril_cos,ass_bertmbert,ass_bertxlm,ass_bertindic_bert,ass_bertmuril
0,All languages,-0.5078003380477999,-0.02849549250762767,-0.40007844498068296,0.7086289346795537,-0.7625363661729944,0.6795974934006714,0.4815295665169777,1.066371682736317,0.10413072870831179,0.3692478055462218,0.0179508615421297,0.06828930736812594,-0.09458817695204935,-0.08812513990406971
1,Assamese-Bengali,-0.5107503980114745,0.06554361735908434,0.09166165550025003,0.3816165936185947,-0.9990498701145701,0.6647180359173518,0.6167814739843566,1.1399600515508002,0.1739171091497364,0.26200196237872536,-0.12490139016329306,-0.07411599585744291,-0.16388407575208327,-0.04327804785265106
2,Bengali-Assamese,-0.521787862139663,-0.13635494932217243,-0.30587593242353806,0.7051513637042581,-0.4161782468775029,0.36852967356486566,0.47645656634933714,1.0737979879317652,0.0723521790730338,0.39962255285553094,0.045984132989854924,0.10264856535060504,-0.07476567602335894,0.1140253426586879
